"categoria","id","numeroTramite","tipo","estado","diasSinMov","actualizadoEn","pagado","totalCobradoCliente","workflowCerrado"
"C-1","10EthuHtrCF2yC8XamKe","","descargo_multa","en_organismo","51","2026-07-01","si","248575","no"
"C-1","1Hd7N755jvRt5wnW4imY","","descargo_multa","en_proceso","6","2026-08-15","si","651880","no"
"C-1","3q9UFogvYsEIpwwswMLQ","","descargo_multa","en_proceso","10","2026-08-11","si","424780","no"
"C-1","4WsRk4FN8uzRCHuHlxP9","","descargo_multa","documentacion_requerida","9","2026-08-12","si","337940","no"
"C-1","4zzSttZ2EWufwcGVv1ew","","descargo_multa","documentacion_requerida","24","2026-07-28","si","629170","no"
"C-1","560p9so1QfHt21U4koIT","","descargo_multa","en_proceso","33","2026-07-19","si","272856","no"
"C-1","5DIiyKnBjkWUV8IrRyYQ","","descargo_multa","en_organismo","51","2026-07-01","si","752487","no"
"C-1","5hF3o8FClSUCWtjG71mT","","descargo_multa","en_proceso","17","2026-08-04","si","259688","no"
"C-1","6fsGTTvZNo1O0Mhz5eIB","","descargo_multa","en_proceso","51","2026-07-01","si","530920","no"
"C-1","78XQYLZTwCg9pLCRvru5","","descargo_multa","en_proceso","39","2026-07-13","si","322585","no"
"C-1","7mjtjh0h1WNE4YLh5lU9","","descargo_multa","en_proceso","25","2026-07-27","si","265582","no"
"C-1","8WSpYTkum6txtqVuuGOE","","inscripcion_inicial","en_proceso","85","2026-05-28","si","","no"
"C-1","8s9292AS2hARBpXpt28W","","descargo_multa","en_organismo","49","2026-07-03","si","306718","no"
"C-1","8z8q9cyQiIwyI1PEHGRt","","descargo_multa","documentacion_requerida","9","2026-08-12","si","4500000","no"
"C-1","Agy0bPuyEWibPZk7cLLm","","descargo_multa","documentacion_requerida","25","2026-07-27","si","1339495","no"
"C-1","CCA8ueXFyreke73htP52","","descargo_multa","en_proceso","8","2026-08-13","si","1139978","no"
"C-1","CZZMNelgQmnWuIWSk72r","","descargo_multa","pendiente","6","2026-08-15","si","1312275","no"
"C-1","D6liWWagrqekP0zeYeqZ","","descargo_multa","en_proceso","8","2026-08-13","si","1053305","no"
"C-1","Ec1CWRvEXzb9tYcDadU0","","descargo_multa","documentacion_requerida","8","2026-08-13","si","793000","no"
"C-1","EgJvofjwMFgsNq6KyRy4","","descargo_multa","documentacion_requerida","17","2026-08-04","si","665000","no"
"C-1","F1BE2nmgo85bemxmfKcM","","descargo_multa","en_proceso","39","2026-07-13","si","134807","no"
"C-1","FbBek23UHnfru3RgXCjW","","transferencia","en_organismo","31","2026-07-21","si","","no"
"C-1","HFGJR4Lt9q6pmJWCBA3h","","descargo_multa","documentacion_requerida","10","2026-08-11","si","786462","no"
"C-1","HWFoAol61nVXOcGbPn4b","","descargo_multa","en_proceso","25","2026-07-27","si","384862","no"
"C-1","LZHeXuAevBXKg4e9neec","","descargo_multa","en_organismo","24","2026-07-28","si","629170","no"
"C-1","M95wKarURWznIHLEo6gN","","descargo_multa","pendiente","31","2026-07-21","si","220390","no"
"C-1","MTWBMnLdDSNK44tKIHmO","","descargo_multa","en_proceso","33","2026-07-19","si","367802","no"
"C-1","N2fksgMubPASaOtn4C8L","","descargo_multa","en_proceso","9","2026-08-12","si","1110080","no"
"C-1","NULWragsbMhYgLoXNzpF","","descargo_multa","documentacion_requerida","38","2026-07-14","si","322585","no"
"C-1","ODaqeWUDAgvc4reH6Mvi","","descargo_multa","en_proceso","6","2026-08-15","si","867625","no"
"C-1","PN2VcNerZ0n94xQspbdT","","descargo_multa","en_organismo","51","2026-07-01","si","503912","no"
"C-1","QUPnjRs29fWRNvD6hymk","","descargo_multa","en_proceso","33","2026-07-19","si","135300","no"
"C-1","R0gPwDo5eoZzl0Osnh7z","","descargo_multa","en_proceso","29","2026-07-23","si","424780","no"
"C-1","RreU5YMS5940pLemr20b","","descargo_multa","pendiente","8","2026-08-13","si","1389562","no"
"C-1","Sht4a6Vzqai6KLK00aOg","","descargo_multa","en_proceso","36","2026-07-16","si","410533","no"
"C-1","UowmoE31z3hkKOaEcjPs","","descargo_multa","en_proceso","30","2026-07-22","si","135227","no"
"C-1","VsK7VoOnUpYIDYG6DVQd","","descargo_multa","en_proceso","6","2026-08-15","si","1757315","no"
"C-1","WIMrMtKJV4F8yqMMNiSd","","descargo_multa","pendiente","38","2026-07-14","si","403625","no"
"C-1","bau5w55nYJpL6wK8SXrh","","descargo_multa","en_proceso","33","2026-07-19","si","5000000","no"
"C-1","boCjtIyVFisCAVcack6h","","descargo_multa","en_organismo","49","2026-07-03","si","3027042","no"
"C-1","gzIYubggNs5ASk88U55P","","descargo_multa","listo_para_retirar","38","2026-07-14","si","1560350","no"
"C-1","hPrrbSnTxV55iPPYTRMw","","descargo_multa","en_proceso","37","2026-07-15","si","424780","no"
"C-1","hpLUsq3o7e6FJu2oQoVs","","descargo_multa","documentacion_requerida","36","2026-07-16","si","1128790","no"
"C-1","kN1x5Q697KxCjx3fTXk8","","descargo_multa","en_proceso","51","2026-07-01","si","403625","no"
"C-1","kNuGjSsMAVBt5NBEdDZ3","","descargo_multa","documentacion_requerida","33","2026-07-19","si","424780","no"
"C-1","lPiEcILuEqZmXNXRz8oW","","descargo_multa","documentacion_requerida","6","2026-08-15","si","567750","no"
"C-1","mS9iBLCC8C3d4IVj9PDD","","descargo_multa","en_organismo","33","2026-07-19","si","1544095","no"
"C-1","mmLlfRl5KKCshc7qzV8q","","descargo_multa","en_proceso","6","2026-08-15","si","3673230","no"
"C-1","oVIV8NRtDm08pvij6csQ","","descargo_multa","pendiente","7","2026-08-14","si","973820","no"
"C-1","olu0crmvyYDdNa10Yh39","","descargo_multa","documentacion_requerida","25","2026-07-27","si","515775","no"
"C-1","pNGc0lCTWGNWMNPusbTK","","descargo_multa","listo_para_retirar","33","2026-07-19","si","403625","no"
"C-1","qHvEfuKmh5s0XUkenlny","","descargo_multa","documentacion_requerida","25","2026-07-27","si","1548925","no"
"C-1","qe36dddOjSZuRygFQuIR","","descargo_multa","en_proceso","24","2026-07-28","si","65888","no"
"C-1","sLPuwEisA0HYJO2oxxfe","","descargo_multa","listo_para_retirar","15","2026-08-06","si","470200","no"
"C-1","sLojjIBW1rgIkLRWeZbB","","descargo_multa","documentacion_requerida","60","2026-06-22","si","551600","no"
"C-1","tQj19t1gBwz48rugswa4","","descargo_multa","en_organismo","34","2026-07-19","si","813000","no"
"C-1","uV0vypXfsIQXqkgN9mLN","","descargo_multa","en_organismo","17","2026-08-04","si","55742","no"
"C-1","vT24QXA0tH2nSXYyCgfT","","descargo_multa","pendiente","6","2026-08-15","si","1000000","no"
"C-1","zj5hZagb0s7QoKnwTgn0","","descargo_multa","pendiente","51","2026-07-01","si","2118920","no"
"C-2","0G1zaLz5KkHgQgb3TuoU","","transferencia","en_proceso","55","2026-06-27","no","","no"
"C-2","4uwu2Ue3pL8mGPCo7S4N","","transferencia","en_proceso","31","2026-07-21","no","","no"
"C-3","LsjKwLmaFuZOXRPnNMvo","","descargo_multa","pendiente","11","2026-08-10","no","","no"
"C-3","R9G21FGG2JiSzChy4xel","","transferencia","pendiente","83","2026-05-30","no","","no"
"C-3","eQhnBozszG8b67DrxC0L","","descargo_multa","pendiente","8","2026-08-13","no","","no"